{"coordArr":[[87.230674,27.680334],[86.622876,28.08416]],"direction":"column","diviser":600,"system":"km","longStart":87.230674,"longDiff":0.6077979999999883,"longIncr":0.0010129966666666472,"latStart":27.680334,"latDiff":0.40382600000000224,"latIncr":0.0006730433333333371}